{
  "IcoMoonType": "selection",
  "icons": [
    {
      "icon": {
        "paths": [
          "M716.8 102.4v870.4l-204.8-204.8-204.8 204.8v-870.4c0-28.314 29.952-52.224 51.2-51.2h307.2c35.277-1.024 51.2 22.886 51.2 51.2z"
        ],
        "attrs": [],
        "isMulticolor": false,
        "isMulticolor2": false,
        "tags": [
          "bookmark"
        ],
        "grid": 20
      },
      "attrs": [],
      "properties": {
        "id": 32,
        "order": 2,
        "prevSize": 20,
        "name": "bookmark"
      },
      "setIdx": 0,
      "setId": 2,
      "iconIdx": 31
    },
    {
      "icon": {
        "paths": [
          "M678.4 512l-365.619-379.904c-13.722-13.824-13.722-36.198 0-50.125 13.722-13.824 35.891-13.824 49.613 0l400.896 404.89c13.722 13.875 13.722 36.301 0 50.125l-400.896 404.89c-13.722 13.875-35.891 13.824-49.613 0-13.722-13.773-13.722-36.198 0-50.125l365.619-379.75z"
        ],
        "attrs": [],
        "isMulticolor": false,
        "isMulticolor2": false,
        "tags": [
          "chevron-thin-right"
        ],
        "grid": 20
      },
      "attrs": [],
      "properties": {
        "id": 43,
        "order": 3,
        "prevSize": 20,
        "name": "chevron-thin-right"
      },
      "setIdx": 0,
      "setId": 2,
      "iconIdx": 42
    },
    {
      "icon": {
        "paths": [
          "M1017.344 330.394c6.093 13.158 6.502 66.048-250.061 186.47l-251.546 118.067c-87.552 41.114-214.579 95.181-270.592 110.131-39.219 10.445-76.646-16.179-76.646-16.179s-112.947-101.12-142.95-123.853c-29.952-22.733-27.392-34.304 11.008-46.592 23.91-7.629 160.256 25.242 218.368 39.936 68.557-40.96 131.174-76.083 160.819-92.058-71.475-52.89-205.21-151.654-247.859-181.76-40.909-28.928 0.512-39.322 0.512-39.322 18.842-5.069 59.494-11.674 79.974-7.373 139.315 29.133 371.866 106.035 389.683 111.923 42.598-22.323 108.954-55.91 149.606-75.008 106.24-49.869 221.542-1.894 229.683 15.616z"
        ],
        "attrs": [],
        "isMulticolor": false,
        "isMulticolor2": false,
        "tags": [
          "aircraft-take-off"
        ],
        "grid": 20
      },
      "attrs": [],
      "properties": {
        "id": 93,
        "order": 4,
        "prevSize": 20,
        "name": "aircraft-take-off"
      },
      "setIdx": 0,
      "setId": 2,
      "iconIdx": 92
    },
    {
      "icon": {
        "paths": [
          "M1024 102.4v819.2h-1007.616c-16.282 0-21.299-10.701-11.059-23.808l228.813-294.298c10.189-13.107 28.314-14.49 40.397-3.174l72.653 68.301c12.032 11.315 29.286 9.114 38.246-4.915l156.006-242.688c8.96-13.978 26.061-15.974 37.939-4.608l111.155 107.315c11.878 11.52 28.621 9.216 37.069-5.12l262.81-398.592c8.499-14.438 20.787-17.613 33.587-17.613z"
        ],
        "attrs": [],
        "isMulticolor": false,
        "isMulticolor2": false,
        "tags": [
          "area-graph"
        ],
        "grid": 20
      },
      "attrs": [],
      "properties": {
        "id": 102,
        "order": 13,
        "prevSize": 20,
        "name": "area-graph"
      },
      "setIdx": 0,
      "setId": 2,
      "iconIdx": 101
    },
    {
      "icon": {
        "paths": [
          "M296.96 624.64v-317.44h-194.56c-56.32 0-102.4 46.080-102.4 102.4v307.2c0 56.32 46.080 102.4 102.4 102.4h51.2v153.6l153.6-153.6h256c56.32 0 102.4-46.080 102.4-102.4v-93.184c-3.277 0.717-6.758 1.075-10.24 1.075l-358.4-0.051zM921.6 51.2h-460.8c-56.32 0-102.4 46.080-102.4 102.4v409.6h358.4l153.6 153.6v-153.6h51.2c56.32 0 102.4-46.029 102.4-102.4v-307.2c0-56.32-46.080-102.4-102.4-102.4z"
        ],
        "attrs": [],
        "isMulticolor": false,
        "isMulticolor2": false,
        "tags": [
          "chat"
        ],
        "grid": 20
      },
      "attrs": [],
      "properties": {
        "id": 125,
        "order": 5,
        "prevSize": 20,
        "name": "chat"
      },
      "setIdx": 0,
      "setId": 2,
      "iconIdx": 124
    },
    {
      "icon": {
        "paths": [
          "M956.006 563.2h-85.606v307.2c0 22.784-9.933 51.2-51.2 51.2h-204.8v-307.2h-204.8v307.2h-204.8c-41.267 0-51.2-28.416-51.2-51.2v-307.2h-85.606c-30.618 0-24.064-16.589-3.072-38.298l410.829-411.238c9.984-10.342 23.091-15.462 36.25-15.974 13.158 0.512 26.266 5.581 36.25 15.974l410.778 411.187c21.043 21.76 27.597 38.349-3.021 38.349z"
        ],
        "attrs": [],
        "isMulticolor": false,
        "isMulticolor2": false,
        "tags": [
          "home"
        ],
        "grid": 20
      },
      "attrs": [],
      "properties": {
        "id": 185,
        "order": 6,
        "prevSize": 20,
        "name": "home"
      },
      "setIdx": 0,
      "setId": 2,
      "iconIdx": 184
    },
    {
      "icon": {
        "paths": [
          "M905.779 241.92c-25.754-152.422-164.864-254.31-310.733-227.379-145.92 26.88-269.107 144.179-243.354 296.704 5.478 32.819 20.89 84.173 39.066 121.088l-264.96 395.418c-9.779 14.592-15.309 40.909-12.39 58.419l17.050 100.915c2.97 17.51 19.046 29.286 35.84 26.317l77.619-14.387c16.794-3.021 38.093-17.818 47.309-32.717l104.806-169.523 0.922-1.126 70.963-13.107 122.368-198.605c40.192 7.117 97.894 4.71 131.994-1.587 145.818-26.931 209.254-187.904 183.501-340.429zM776.499 320.102c-40.141 59.904-81.101 17.715-138.394-24.32-57.293-41.882-109.312-67.686-69.222-127.59 40.141-59.904 119.091-74.496 176.486-32.512 57.344 41.933 71.219 124.518 31.13 184.422z"
        ],
        "attrs": [],
        "isMulticolor": false,
        "isMulticolor2": false,
        "tags": [
          "key"
        ],
        "grid": 20
      },
      "attrs": [],
      "properties": {
        "id": 194,
        "order": 7,
        "prevSize": 20,
        "name": "key"
      },
      "setIdx": 0,
      "setId": 2,
      "iconIdx": 193
    },
    {
      "icon": {
        "paths": [
          "M512 102.861c-141.414 0-256 114.125-256 255.488 0 244.429 256 563.2 256 563.2s256-318.822 256-563.2c0-141.312-114.586-255.488-256-255.488zM512 499.712c-76.39 0-138.24-61.901-138.24-138.24s61.85-138.24 138.24-138.24c76.288 0 138.189 61.901 138.189 138.24s-61.901 138.24-138.189 138.24z"
        ],
        "attrs": [],
        "isMulticolor": false,
        "isMulticolor2": false,
        "tags": [
          "location-pin"
        ],
        "grid": 20
      },
      "attrs": [],
      "properties": {
        "id": 210,
        "order": 8,
        "prevSize": 20,
        "name": "location-pin"
      },
      "setIdx": 0,
      "setId": 2,
      "iconIdx": 209
    },
    {
      "icon": {
        "paths": [
          "M898.304 791.91l-193.485-193.485c29.184-47.872 45.978-104.192 45.978-164.352 0-174.95-151.603-326.502-326.554-326.502-174.95-0.051-316.723 141.773-316.723 316.723 0 174.899 151.603 326.502 326.502 326.502 58.214 0 112.64-15.821 159.488-43.213l194.509 194.611c19.046 18.995 49.92 18.995 68.915 0l48.282-48.282c18.995-18.995 12.083-43.008-6.912-62.003zM205.005 424.294c0-121.139 98.15-219.29 219.238-219.29 121.139 0 229.069 107.878 229.069 229.069 0 121.088-98.202 219.29-219.29 219.29-121.139-0.051-229.018-107.981-229.018-229.069z"
        ],
        "attrs": [],
        "isMulticolor": false,
        "isMulticolor2": false,
        "tags": [
          "magnifying-glass"
        ],
        "grid": 20
      },
      "attrs": [],
      "properties": {
        "id": 218,
        "order": 9,
        "prevSize": 20,
        "name": "magnifying-glass"
      },
      "setIdx": 0,
      "setId": 2,
      "iconIdx": 217
    },
    {
      "icon": {
        "paths": [
          "M995.686 190.362l-307.2-153.6c-14.387-7.219-31.386-7.219-45.824 0l-288.256 144.128-287.027-95.693c-15.667-5.222-32.768-2.611-46.131 7.066-13.363 9.626-21.248 25.088-21.248 41.523v665.651c0 19.405 10.957 37.12 28.314 45.773l307.2 153.6c7.219 3.584 15.053 5.427 22.886 5.427s15.718-1.792 22.886-5.427l288.256-144.077 287.027 95.693c15.616 5.12 32.768 2.509 46.131-7.117s21.248-25.088 21.248-41.472v-665.702c0.051-19.405-10.906-37.12-28.262-45.773zM409.6 267.827l204.8-102.4v602.266l-204.8 102.4v-602.266zM102.4 204.8l204.8 68.25v597.043l-204.8-102.4v-562.893zM921.6 830.822l-204.8-68.301v-597.094l204.8 102.4v562.995z"
        ],
        "attrs": [],
        "isMulticolor": false,
        "isMulticolor2": false,
        "tags": [
          "map"
        ],
        "grid": 20
      },
      "attrs": [],
      "properties": {
        "id": 221,
        "order": 10,
        "prevSize": 20,
        "name": "map"
      },
      "setIdx": 0,
      "setId": 2,
      "iconIdx": 220
    },
    {
      "icon": {
        "paths": [
          "M512 66.56l122.266 344.166h328.294l-267.878 202.138 95.795 354.714-278.477-212.685-278.426 212.685 95.744-354.714-267.93-202.138h328.294l122.317-344.166z"
        ],
        "attrs": [],
        "isMulticolor": false,
        "isMulticolor2": false,
        "tags": [
          "star"
        ],
        "grid": 20
      },
      "attrs": [],
      "properties": {
        "id": 286,
        "order": 11,
        "prevSize": 20,
        "name": "star"
      },
      "setIdx": 0,
      "setId": 2,
      "iconIdx": 285
    },
    {
      "icon": {
        "paths": [
          "M160.512 352.768c47.77-37.12 87.398-11.52 140.288 49.715 5.939 6.912 13.926-1.178 18.483-5.12 4.506-3.994 74.291-66.816 77.722-69.683 3.379-3.021 7.475-8.653 2.099-14.95-5.478-6.298-25.293-32-38.042-48.691-92.57-121.088 253.235-203.213 200.141-204.493-27.034-0.717-135.475-1.997-151.706-0.205-65.69 6.912-148.173 68.301-189.696 96.922-54.323 37.171-74.598 58.982-77.926 62.003-15.36 13.414-2.458 44.39-30.31 68.813-29.44 25.754-47.821 6.246-64.87 21.197-8.448 7.475-32.102 25.19-38.861 31.078-6.81 5.99-8.038 16.077-1.075 24.115 0 0 64.717 71.475 70.144 77.824 5.376 6.246 20.019 11.674 29.030 3.635 9.062-7.987 32.358-28.314 36.25-31.898 3.994-3.379-2.56-44.083 18.33-60.262zM452.762 379.238c-6.144-7.117-13.773-7.322-20.326-1.485l-73.421 64.102c-5.786 5.12-6.605 14.49-1.382 20.48l424.653 483.277c9.933 11.418 27.136 12.595 38.451 2.714l49.664-41.626c11.366-9.984 12.544-27.29 2.662-38.81l-420.301-488.653zM1018.982 173.568c-3.789-25.293-16.896-20.019-23.706-9.318-6.81 10.803-36.915 56.422-49.306 77.107-12.288 20.48-42.598 60.979-99.021 20.992-58.778-41.523-38.349-70.502-28.109-90.010 10.291-19.61 41.882-74.598 46.438-81.408 4.557-6.912-0.768-26.982-18.995-18.586-18.278 8.397-129.178 52.48-144.538 115.712-15.718 64.307 13.158 121.805-43.52 178.893l-68.762 71.68 69.069 80.179 84.685-80.384c20.173-20.275 63.283-39.987 102.298-31.078 83.61 18.893 129.229-12.493 156.723-64.41 24.678-46.387 20.582-144.077 16.742-169.37zM140.237 873.114c-10.65 10.701-10.65 28.109 0 38.81l48.691 47.616c10.65 10.701 27.546 6.195 38.195-4.506l251.238-246.989-76.954-87.757-261.171 252.826z"
        ],
        "attrs": [],
        "isMulticolor": false,
        "isMulticolor2": false,
        "tags": [
          "tools"
        ],
        "grid": 20
      },
      "attrs": [],
      "properties": {
        "id": 303,
        "order": 15,
        "prevSize": 20,
        "name": "tools"
      },
      "setIdx": 0,
      "setId": 2,
      "iconIdx": 302
    },
    {
      "icon": {
        "paths": [
          "M512 618.394c122.368 0 224.87-41.574 231.066-95.898-18.227-50.995-38.093-106.701-57.6-161.382-13.517 38.963-88.32 66.611-173.466 66.611s-159.949-27.648-173.466-66.611c-19.507 54.682-39.373 110.387-57.549 161.382 6.195 54.323 108.646 95.898 231.014 95.898zM512 275.098c57.549 0 110.95-17.818 126.618-45.517-21.555-60.518-40.038-112.486-51.763-145.203-7.782-21.862-43.059-33.178-74.854-33.178s-67.072 11.315-74.854 33.178c-11.674 32.717-30.208 84.685-51.763 145.203 15.667 27.699 69.12 45.517 126.618 45.517zM961.536 668.979l-192.256-77.517 22.17 61.798c-1.126 65.485-128.205 117.709-279.45 117.709-151.194 0-278.374-52.173-279.45-117.709l22.17-61.798-192.256 77.517c-53.914 21.709-56.218 61.901-5.018 89.293l361.574 193.894c51.098 27.392 134.81 27.392 185.958 0l361.626-193.894c51.149-27.392 48.845-67.584-5.069-89.293z"
        ],
        "attrs": [],
        "isMulticolor": false,
        "isMulticolor2": false,
        "tags": [
          "traffic-cone"
        ],
        "grid": 20
      },
      "attrs": [],
      "properties": {
        "id": 304,
        "order": 14,
        "prevSize": 20,
        "name": "traffic-cone"
      },
      "setIdx": 0,
      "setId": 2,
      "iconIdx": 303
    },
    {
      "icon": {
        "paths": [
          "M395.52 109.875c-52.019 38.707-65.997 99.994-63.437 132.608 3.277 39.885 11.366 91.802 11.366 91.802s-16.026 8.704-16.026 43.725c5.581 87.91 34.97 49.971 41.011 88.525 14.541 92.877 47.77 76.339 47.77 127.027 0 84.429-34.816 123.904-143.514 170.701-109.056 47.002-221.491 106.138-221.491 208.538v51.2h921.6v-51.2c0-102.4-112.486-161.536-221.594-208.486-108.698-46.797-143.411-86.221-143.411-170.701 0-50.688 33.126-34.15 47.718-127.027 6.093-38.554 35.43-0.614 41.114-88.525 0-35.021-16.077-43.725-16.077-43.725s8.090-51.917 11.315-91.802c3.328-41.83-20.378-131.123-117.76-158.515-17.050-17.408-28.57-45.107 23.859-72.909-114.688-5.376-141.363 54.63-202.445 98.765z"
        ],
        "attrs": [],
        "isMulticolor": false,
        "isMulticolor2": false,
        "tags": [
          "user"
        ],
        "grid": 20
      },
      "attrs": [],
      "properties": {
        "id": 311,
        "order": 12,
        "prevSize": 20,
        "name": "user"
      },
      "setIdx": 0,
      "setId": 2,
      "iconIdx": 310
    }
  ],
  "height": 1024,
  "preferences": {
    "showGlyphs": true,
    "showQuickUse": true,
    "showQuickUse2": true,
    "showSVGs": true,
    "fontPref": {
      "prefix": "icon-",
      "metadata": {
        "fontFamily": "icomoon"
      },
      "metrics": {
        "emSize": 1024,
        "baseline": 6.25,
        "whitespace": 50
      },
      "embed": false
    },
    "imagePref": {
      "prefix": "icon-",
      "png": false,
      "useClassSelector": true,
      "color": 0,
      "bgColor": 16777215,
      "classSelector": ".icon",
      "name": "icomoon",
      "height": 32,
      "columns": 16,
      "margin": 16
    },
    "historySize": 50,
    "showCodes": true,
    "gridSize": 16
  }
}